<?xml version="1.0" encoding="ISO-8859-1"?>
<NFe xmlns:xsi="http://www.w3.org/2001/XMLSchema-instance" xmlns:xsd="http://www.w3.org/2001/XMLSchema">
<Prefeitura>Itapira</Prefeitura>
<InscricaoPrestador>0972</InscricaoPrestador>
<IEPrestador>374117233118</IEPrestador>
<CPFCNPJPrestador>
<CNPJ>65448979000100</CNPJ>
</CPFCNPJPrestador>
<ChaveNFe>
<NumeroNFe>340</NumeroNFe>
<SerieNFe>1</SerieNFe>
<CodigoVerificacao>4009RM65</CodigoVerificacao>
<DataEmissaoNFe>2014-06-18 08:40:39</DataEmissaoNFe>
</ChaveNFe>
<RazaoSocialPrestador>RAINERI A PELIZZER PINTURAS DE ITAPIRA LTDA.-ME</RazaoSocialPrestador>
<EnderecoPrestador>
<Logradouro>RUA SOARES</Logradouro>
<NumeroEndereco>364</NumeroEndereco>
<ComplementoEndereco></ComplementoEndereco>
<Bairro>S�O BENEDITO</Bairro>
<Cidade>ITAPIRA</Cidade>
<UF>SP</UF>
<CEP>13976052</CEP>
</EnderecoPrestador>
<TelefonePrestador>0</TelefonePrestador>
<EmailPrestador>ANASARTORICONTGMAIL.COM</EmailPrestador>
<StatusNFe>Ativa</StatusNFe>
<TributacaoNFe>Tributado no Tomador</TributacaoNFe>
<OpcaoSimples>SIM</OpcaoSimples>
<ValorServicos>530,00</ValorServicos>
<ValorBase>530,00</ValorBase>
<CodigoServico>2401</CodigoServico>
<AliquotaServicos>2,00</AliquotaServicos>
<ValorINSS>0,00</ValorINSS>
<ValorIR>0,00</ValorIR>
<ValorPIS>0,00</ValorPIS>
<ValorCOFINS>0,00</ValorCOFINS>
<ValorCSLL>0,00</ValorCSLL>
<ValorISS>10,60</ValorISS>
<ISSRetido>SIM</ISSRetido>
<InscricaoTomador>28523</InscricaoTomador>
<CPFCNPJTomador>
<CPF>01152737000192</CPF>
</CPFCNPJTomador>
<IETomador>374038148118</IETomador>
<RazaoSocialTomador>DE SALVI CORRETORA DE SEGUROS S/S LTDA</RazaoSocialTomador>
<EnderecoTomador>
<Logradouro>RUA GENERAL CARNEIRO</Logradouro>
<NumeroEndereco>366</NumeroEndereco>
<ComplementoEndereco></ComplementoEndereco>
<Bairro>SANTA CRUZ</Bairro>
<Cidade>ITAPIRA</Cidade>
<UF>SP</UF>
<CEP>13974330</CEP>
</EnderecoTomador>
<TelefoneTomador>(19) 38630585</TelefoneTomador>
<EmailTomador>seguroscorretorasalvi.com.br</EmailTomador>
<Discriminacao>Reforma em placa </Discriminacao>
</NFe>
