<?xml version="1.0" encoding="ISO-8859-1"?>
<NFe xmlns:xsi="http://www.w3.org/2001/XMLSchema-instance" xmlns:xsd="http://www.w3.org/2001/XMLSchema">
<Prefeitura>Itapira</Prefeitura>
<InscricaoPrestador>07467</InscricaoPrestador>
<IEPrestador></IEPrestador>
<CPFCNPJPrestador>
<CNPJ>06186859000113</CNPJ>
</CPFCNPJPrestador>
<ChaveNFe>
<NumeroNFe>23486</NumeroNFe>
<SerieNFe>1</SerieNFe>
<CodigoVerificacao>V3G5B7UY</CodigoVerificacao>
<DataEmissaoNFe>2021-05-31 13:47:53</DataEmissaoNFe>
</ChaveNFe>
<RazaoSocialPrestador>CONTTROLARE SOLUCOES CONTABEIS E TRIBUTARIAS LTDA </RazaoSocialPrestador>
<EnderecoPrestador>
<Logradouro>DA IMPRENSA</Logradouro>
<NumeroEndereco>189</NumeroEndereco>
<ComplementoEndereco></ComplementoEndereco>
<Bairro>JARDIM SOARES</Bairro>
<Cidade>Itapira</Cidade>
<UF>SP</UF>
<CEP>13976023</CEP>
</EnderecoPrestador>
<TelefonePrestador> (19) 3813-8810</TelefonePrestador>
<EmailPrestador>leticiaconttrolare.com.br</EmailPrestador>
<StatusNFe>Ativa</StatusNFe>
<TributacaoNFe>Tributado no Prestador</TributacaoNFe>
<OpcaoSimples>SIM</OpcaoSimples>
<ValorServicos>496,01</ValorServicos>
<ValorBase>496,01</ValorBase>
<CodigoServico>1701</CodigoServico>
<AliquotaServicos>5,00</AliquotaServicos>
<ValorINSS>0,00</ValorINSS>
<ValorIR>0,00</ValorIR>
<ValorPIS>0,00</ValorPIS>
<ValorCOFINS>0,00</ValorCOFINS>
<ValorCSLL>0,00</ValorCSLL>
<ValorISS>24,80</ValorISS>
<ISSRetido>N�O</ISSRetido>
<InscricaoTomador>28523</InscricaoTomador>
<CPFCNPJTomador>
<CPF>01152737000192</CPF>
</CPFCNPJTomador>
<IETomador>374038148118</IETomador>
<RazaoSocialTomador>DE SALVI CORRETORA DE SEGUROS S/S LTDA</RazaoSocialTomador>
<EnderecoTomador>
<Logradouro>RUA GENERAL CARNEIRO</Logradouro>
<NumeroEndereco>366</NumeroEndereco>
<ComplementoEndereco></ComplementoEndereco>
<Bairro>SANTA CRUZ</Bairro>
<Cidade>ITAPIRA</Cidade>
<UF>SP</UF>
<CEP>13974330</CEP>
</EnderecoTomador>
<TelefoneTomador>(19) 38630585</TelefoneTomador>
<EmailTomador>seguroscorretorasalvi.com.br</EmailTomador>
<Discriminacao>SERVI�OS DE CONTABILIDADE ||Valor Abatimento de ISSQN R$ 0,00|Valor Material Aplicado R$ 0,00|Local: ITAPIRA - Itapira/SP|||Total de Retencoes R$ 0,00||Vencimento: ||Valor Liquido a Receber  R$ 496,01|
</Discriminacao>
</NFe>
