<?xml version="1.0" encoding="ISO-8859-1"?>
<NFe xmlns:xsi="http://www.w3.org/2001/XMLSchema-instance" xmlns:xsd="http://www.w3.org/2001/XMLSchema">
<Prefeitura>Itapira</Prefeitura>
<InscricaoPrestador>5180</InscricaoPrestador>
<IEPrestador></IEPrestador>
<CPFCNPJPrestador>
<CNPJ>10311201000163</CNPJ>
</CPFCNPJPrestador>
<ChaveNFe>
<NumeroNFe>25449</NumeroNFe>
<SerieNFe>1</SerieNFe>
<CodigoVerificacao>XB7VCNT1</CodigoVerificacao>
<DataEmissaoNFe>2022-06-30 05:28:06</DataEmissaoNFe>
</ChaveNFe>
<RazaoSocialPrestador>ANVIMED SERVICOS MEDICOS LTDA</RazaoSocialPrestador>
<EnderecoPrestador>
<Logradouro>JOS� DO PATROC�NIO</Logradouro>
<NumeroEndereco>84</NumeroEndereco>
<ComplementoEndereco></ComplementoEndereco>
<Bairro>SANTA CRUZ</Bairro>
<Cidade>Itapira</Cidade>
<UF>SP</UF>
<CEP>13974296</CEP>
</EnderecoPrestador>
<TelefonePrestador>(19) 3843-5020</TelefonePrestador>
<EmailPrestador>juliano.anvimedgmail.com</EmailPrestador>
<StatusNFe>Ativa</StatusNFe>
<TributacaoNFe>Tributado no Tomador</TributacaoNFe>
<OpcaoSimples>SIM</OpcaoSimples>
<ValorServicos>36,00</ValorServicos>
<ValorBase>36,00</ValorBase>
<CodigoServico>4031</CodigoServico>
<AliquotaServicos>5,00</AliquotaServicos>
<ValorINSS>0,00</ValorINSS>
<ValorIR>0,00</ValorIR>
<ValorPIS>0,00</ValorPIS>
<ValorCOFINS>0,00</ValorCOFINS>
<ValorCSLL>0,00</ValorCSLL>
<ValorISS>1,80</ValorISS>
<ISSRetido>SIM</ISSRetido>
<InscricaoTomador>28523</InscricaoTomador>
<CPFCNPJTomador>
<CPF>01152737000192</CPF>
</CPFCNPJTomador>
<IETomador>374038148118</IETomador>
<RazaoSocialTomador>DE SALVI CORRETORA DE SEGUROS S/S LTDA</RazaoSocialTomador>
<EnderecoTomador>
<Logradouro>RUA GENERAL CARNEIRO</Logradouro>
<NumeroEndereco>366</NumeroEndereco>
<ComplementoEndereco></ComplementoEndereco>
<Bairro>SANTA CRUZ</Bairro>
<Cidade>ITAPIRA</Cidade>
<UF>SP</UF>
<CEP>13974330</CEP>
</EnderecoTomador>
<TelefoneTomador>(19) 38630585</TelefoneTomador>
<EmailTomador>seguroscorretorasalvi.com.br</EmailTomador>
<Discriminacao>2	Contrato mensal:	R$ 36,00
		
		
		
	Valor bruto:	R$ 36,00
	ISSQN 5:	R$ 1,80
	Valor liquido:	R$ 34,20
	Vencimento: 10/07/2022	
</Discriminacao>
</NFe>
