<?xml version="1.0" encoding="ISO-8859-1"?>
<NFe xmlns:xsi="http://www.w3.org/2001/XMLSchema-instance" xmlns:xsd="http://www.w3.org/2001/XMLSchema">
<Prefeitura>Itapira</Prefeitura>
<InscricaoPrestador>48702</InscricaoPrestador>
<IEPrestador>374046512119</IEPrestador>
<CPFCNPJPrestador>
<CNPJ>12718733000145</CNPJ>
</CPFCNPJPrestador>
<ChaveNFe>
<NumeroNFe>1000</NumeroNFe>
<SerieNFe>1</SerieNFe>
<CodigoVerificacao>3TG71PR7</CodigoVerificacao>
<DataEmissaoNFe>2018-11-08 04:13:02</DataEmissaoNFe>
</ChaveNFe>
<RazaoSocialPrestador>AMILTON VANDERLEI RAMPAZO</RazaoSocialPrestador>
<EnderecoPrestador>
<Logradouro>BENEDITO FERREIRA MELLO</Logradouro>
<NumeroEndereco>131</NumeroEndereco>
<ComplementoEndereco></ComplementoEndereco>
<Bairro>PARQUE DA FELICIDADE II</Bairro>
<Cidade>Itapira</Cidade>
<UF>SP</UF>
<CEP>13973283</CEP>
</EnderecoPrestador>
<TelefonePrestador>(19) 3813-3002</TelefonePrestador>
<EmailPrestador>sofriorefrigeracaoyahoo.com.br</EmailPrestador>
<StatusNFe>Ativa</StatusNFe>
<TributacaoNFe>Tributado no Tomador</TributacaoNFe>
<OpcaoSimples>SIM</OpcaoSimples>
<ValorServicos>150,00</ValorServicos>
<ValorBase>150,00</ValorBase>
<CodigoServico>1401</CodigoServico>
<AliquotaServicos>2,00</AliquotaServicos>
<ValorINSS>0,00</ValorINSS>
<ValorIR>0,00</ValorIR>
<ValorPIS>0,00</ValorPIS>
<ValorCOFINS>0,00</ValorCOFINS>
<ValorCSLL>0,00</ValorCSLL>
<ValorISS>3,00</ValorISS>
<ISSRetido>SIM</ISSRetido>
<InscricaoTomador>28523</InscricaoTomador>
<CPFCNPJTomador>
<CPF>01152737000192</CPF>
</CPFCNPJTomador>
<IETomador>374038148118</IETomador>
<RazaoSocialTomador>DE SALVI CORRETORA DE SEGUROS S/S LTDA</RazaoSocialTomador>
<EnderecoTomador>
<Logradouro>RUA GENERAL CARNEIRO</Logradouro>
<NumeroEndereco>366</NumeroEndereco>
<ComplementoEndereco></ComplementoEndereco>
<Bairro>SANTA CRUZ</Bairro>
<Cidade>ITAPIRA</Cidade>
<UF>SP</UF>
<CEP>13974330</CEP>
</EnderecoTomador>
<TelefoneTomador>(19) 38630585</TelefoneTomador>
<EmailTomador>seguroscorretorasalvi.com.br</EmailTomador>
<Discriminacao>- Manuten��o em ar condicionado.
Valor liquido a receber R$ 147,00






Valor aproximado dos tributos R$ 27,07  (18,05) fonte IBPT</Discriminacao>
</NFe>
