<?xml version="1.0" encoding="ISO-8859-1"?>
<NFe xmlns:xsi="http://www.w3.org/2001/XMLSchema-instance" xmlns:xsd="http://www.w3.org/2001/XMLSchema">
<Prefeitura>Itapira</Prefeitura>
<InscricaoPrestador>05777</InscricaoPrestador>
<IEPrestador>374045288110</IEPrestador>
<CPFCNPJPrestador>
<CNPJ>03688162000152</CNPJ>
</CPFCNPJPrestador>
<ChaveNFe>
<NumeroNFe>2935</NumeroNFe>
<SerieNFe>1</SerieNFe>
<CodigoVerificacao>W3UB62LB</CodigoVerificacao>
<DataEmissaoNFe>2024-07-03 04:02:00</DataEmissaoNFe>
</ChaveNFe>
<RazaoSocialPrestador>TECMAQ ITAPIRA LTDA.</RazaoSocialPrestador>
<EnderecoPrestador>
<Logradouro>24 DE OUTUBRO</Logradouro>
<NumeroEndereco>20</NumeroEndereco>
<ComplementoEndereco></ComplementoEndereco>
<Bairro>SANTA CRUZ</Bairro>
<Cidade>Itapira</Cidade>
<UF>SP</UF>
<CEP>13974391</CEP>
</EnderecoPrestador>
<TelefonePrestador>(19)3813-8200</TelefonePrestador>
<EmailPrestador>visar.atendimento1visarcontabilidade.com.br</EmailPrestador>
<StatusNFe>Ativa</StatusNFe>
<TributacaoNFe>Tributado no Prestador</TributacaoNFe>
<OpcaoSimples>SIM</OpcaoSimples>
<ValorServicos>35,00</ValorServicos>
<ValorBase>35,00</ValorBase>
<CodigoServico>1402</CodigoServico>
<AliquotaServicos>3,41</AliquotaServicos>
<ValorINSS>0,00</ValorINSS>
<ValorIR>0,00</ValorIR>
<ValorPIS>0,00</ValorPIS>
<ValorCOFINS>0,00</ValorCOFINS>
<ValorCSLL>0,00</ValorCSLL>
<ValorISS>1,19</ValorISS>
<ISSRetido>N�O</ISSRetido>
<InscricaoTomador>28523</InscricaoTomador>
<CPFCNPJTomador>
<CPF>01152737000192</CPF>
</CPFCNPJTomador>
<IETomador>374038148118</IETomador>
<RazaoSocialTomador>DE SALVI CORRETORA DE SEGUROS S/S LTDA</RazaoSocialTomador>
<EnderecoTomador>
<Logradouro>RUA GENERAL CARNEIRO</Logradouro>
<NumeroEndereco>366</NumeroEndereco>
<ComplementoEndereco></ComplementoEndereco>
<Bairro>SANTA CRUZ</Bairro>
<Cidade>ITAPIRA</Cidade>
<UF>SP</UF>
<CEP>13974330</CEP>
</EnderecoTomador>
<TelefoneTomador>(19) 38630585</TelefoneTomador>
<EmailTomador>seguroscorretorasalvi.com.br</EmailTomador>
<Discriminacao>SERVI�OS PRESTADOS EM CADEIRA EXECUTIVA</Discriminacao>
</NFe>
