<?xml version="1.0" encoding="ISO-8859-1"?>
<NFe xmlns:xsi="http://www.w3.org/2001/XMLSchema-instance" xmlns:xsd="http://www.w3.org/2001/XMLSchema">
<Prefeitura>Itapira</Prefeitura>
<InscricaoPrestador>-23123142146588</InscricaoPrestador>
<IEPrestador></IEPrestador>
<CPFCNPJPrestador>
<CNPJ>61416534000198</CNPJ>
</CPFCNPJPrestador>
<ChaveNFe>
<NumeroNFe>5</NumeroNFe>
<SerieNFe>900</SerieNFe>
<CodigoVerificacao>DC95S2T8</CodigoVerificacao>
<DataEmissaoNFe>2025-10-29 09:05:51</DataEmissaoNFe>
</ChaveNFe>
<RazaoSocialPrestador>61.416.534 WILLIAM GABRIEL LONGO DOMINGUES</RazaoSocialPrestador>
<EnderecoPrestador>
<Logradouro>BRASIL</Logradouro>
<NumeroEndereco>83</NumeroEndereco>
<ComplementoEndereco></ComplementoEndereco>
<Bairro>PARQUE DA FELICIDADE</Bairro>
<Cidade>Itapira</Cidade>
<UF>SP</UF>
<CEP>13973255</CEP>
</EnderecoPrestador>
<TelefonePrestador>1993494029</TelefonePrestador>
<EmailPrestador>WILLIANMANUTENCAO02GMAIL.COM</EmailPrestador>
<StatusNFe>Ativa</StatusNFe>
<TributacaoNFe>Tributado no Prestador</TributacaoNFe>
<OpcaoSimples>N�O</OpcaoSimples>
<ValorServicos>200,00</ValorServicos>
<ValorBase>200,00</ValorBase>
<CodigoServico>1503</CodigoServico>
<AliquotaServicos>0,00</AliquotaServicos>
<ValorINSS>0,00</ValorINSS>
<ValorIR>0,00</ValorIR>
<ValorPIS>0,00</ValorPIS>
<ValorCOFINS>0,00</ValorCOFINS>
<ValorCSLL>0,00</ValorCSLL>
<ValorISS>0,00</ValorISS>
<ISSRetido>N�O</ISSRetido>
<InscricaoTomador>28523</InscricaoTomador>
<CPFCNPJTomador>
<CPF>01152737000192</CPF>
</CPFCNPJTomador>
<IETomador>374038148118</IETomador>
<RazaoSocialTomador>DE SALVI CORRETORA DE SEGUROS S/S LTDA</RazaoSocialTomador>
<EnderecoTomador>
<Logradouro>RUA GENERAL CARNEIRO</Logradouro>
<NumeroEndereco>366</NumeroEndereco>
<ComplementoEndereco></ComplementoEndereco>
<Bairro>SANTA CRUZ</Bairro>
<Cidade>ITAPIRA</Cidade>
<UF>SP</UF>
<CEP>13974330</CEP>
</EnderecoTomador>
<TelefoneTomador>(19) 38630585</TelefoneTomador>
<EmailTomador>seguroscorretorasalvi.com.br</EmailTomador>
<Discriminacao></Discriminacao>
</NFe>
