<?xml version="1.0" encoding="ISO-8859-1"?>
<NFe xmlns:xsi="http://www.w3.org/2001/XMLSchema-instance" xmlns:xsd="http://www.w3.org/2001/XMLSchema">
<Prefeitura>Itapira</Prefeitura>
<InscricaoPrestador>-23123142146125</InscricaoPrestador>
<IEPrestador></IEPrestador>
<CPFCNPJPrestador>
<CNPJ>61513168000195</CNPJ>
</CPFCNPJPrestador>
<ChaveNFe>
<NumeroNFe>3</NumeroNFe>
<SerieNFe>900</SerieNFe>
<CodigoVerificacao>NGKWFTZT</CodigoVerificacao>
<DataEmissaoNFe>2025-08-07 09:27:52</DataEmissaoNFe>
</ChaveNFe>
<RazaoSocialPrestador>61.513.168 IVAN HENRIQUE DA COSTA VICENTINI</RazaoSocialPrestador>
<EnderecoPrestador>
<Logradouro>CARLOS CHAGAS</Logradouro>
<NumeroEndereco>148</NumeroEndereco>
<ComplementoEndereco></ComplementoEndereco>
<Bairro>SAO BENEDITO</Bairro>
<Cidade>Itapira</Cidade>
<UF>SP</UF>
<CEP>13976016</CEP>
</EnderecoPrestador>
<TelefonePrestador></TelefonePrestador>
<EmailPrestador></EmailPrestador>
<StatusNFe>Ativa</StatusNFe>
<TributacaoNFe>Tributado no Prestador</TributacaoNFe>
<OpcaoSimples>N�O</OpcaoSimples>
<ValorServicos>850,00</ValorServicos>
<ValorBase>850,00</ValorBase>
<CodigoServico>1702</CodigoServico>
<AliquotaServicos>0,00</AliquotaServicos>
<ValorINSS>0,00</ValorINSS>
<ValorIR>0,00</ValorIR>
<ValorPIS>0,00</ValorPIS>
<ValorCOFINS>0,00</ValorCOFINS>
<ValorCSLL>0,00</ValorCSLL>
<ValorISS>0,00</ValorISS>
<ISSRetido>N�O</ISSRetido>
<InscricaoTomador>28523</InscricaoTomador>
<CPFCNPJTomador>
<CPF>01152737000192</CPF>
</CPFCNPJTomador>
<IETomador>374038148118</IETomador>
<RazaoSocialTomador>DE SALVI CORRETORA DE SEGUROS S/S LTDA</RazaoSocialTomador>
<EnderecoTomador>
<Logradouro>RUA GENERAL CARNEIRO</Logradouro>
<NumeroEndereco>366</NumeroEndereco>
<ComplementoEndereco></ComplementoEndereco>
<Bairro>SANTA CRUZ</Bairro>
<Cidade>ITAPIRA</Cidade>
<UF>SP</UF>
<CEP>13974330</CEP>
</EnderecoTomador>
<TelefoneTomador>(19) 38630585</TelefoneTomador>
<EmailTomador>seguroscorretorasalvi.com.br</EmailTomador>
<Discriminacao></Discriminacao>
</NFe>
