<?xml version="1.0" encoding="ISO-8859-1"?>
<NFe xmlns:xsi="http://www.w3.org/2001/XMLSchema-instance" xmlns:xsd="http://www.w3.org/2001/XMLSchema">
<Prefeitura>Itapira</Prefeitura>
<InscricaoPrestador>43473</InscricaoPrestador>
<IEPrestador>374124416119</IEPrestador>
<CPFCNPJPrestador>
<CNPJ>08600326000161</CNPJ>
</CPFCNPJPrestador>
<ChaveNFe>
<NumeroNFe>4030</NumeroNFe>
<SerieNFe>1</SerieNFe>
<CodigoVerificacao>A3K6NUL9</CodigoVerificacao>
<DataEmissaoNFe>2020-02-04 09:17:00</DataEmissaoNFe>
</ChaveNFe>
<RazaoSocialPrestador>I.PEREIRA DOS SANTOS EXTINTORES </RazaoSocialPrestador>
<EnderecoPrestador>
<Logradouro>BRASIL</Logradouro>
<NumeroEndereco>1227</NumeroEndereco>
<ComplementoEndereco></ComplementoEndereco>
<Bairro>PARQUE DA FELICIDADE</Bairro>
<Cidade>Itapira</Cidade>
<UF>SP</UF>
<CEP>13973255</CEP>
</EnderecoPrestador>
<TelefonePrestador>38436029</TelefonePrestador>
<EmailPrestador></EmailPrestador>
<StatusNFe>Ativa</StatusNFe>
<TributacaoNFe>Tributado no Tomador</TributacaoNFe>
<OpcaoSimples>SIM</OpcaoSimples>
<ValorServicos>130,00</ValorServicos>
<ValorBase>130,00</ValorBase>
<CodigoServico>1401</CodigoServico>
<AliquotaServicos>4,41</AliquotaServicos>
<ValorINSS>0,00</ValorINSS>
<ValorIR>0,00</ValorIR>
<ValorPIS>0,00</ValorPIS>
<ValorCOFINS>0,00</ValorCOFINS>
<ValorCSLL>0,00</ValorCSLL>
<ValorISS>5,73</ValorISS>
<ISSRetido>SIM</ISSRetido>
<InscricaoTomador>28523</InscricaoTomador>
<CPFCNPJTomador>
<CPF>01152737000192</CPF>
</CPFCNPJTomador>
<IETomador>374038148118</IETomador>
<RazaoSocialTomador>DE SALVI CORRETORA DE SEGUROS S/S LTDA</RazaoSocialTomador>
<EnderecoTomador>
<Logradouro>RUA GENERAL CARNEIRO</Logradouro>
<NumeroEndereco>366</NumeroEndereco>
<ComplementoEndereco></ComplementoEndereco>
<Bairro>SANTA CRUZ</Bairro>
<Cidade>ITAPIRA</Cidade>
<UF>SP</UF>
<CEP>13974330</CEP>
</EnderecoTomador>
<TelefoneTomador>(19) 38630585</TelefoneTomador>
<EmailTomador>seguroscorretorasalvi.com.br</EmailTomador>
<Discriminacao>01 RECARGA DE EXTINTOR AP 10 LTS R$ 65,00
01 RECARGA DE EXTINTOR PQS 4 KG R$ 65,00</Discriminacao>
</NFe>
