<?xml version="1.0" encoding="ISO-8859-1"?>
<NFe xmlns:xsi="http://www.w3.org/2001/XMLSchema-instance" xmlns:xsd="http://www.w3.org/2001/XMLSchema">
<Prefeitura>Itapira</Prefeitura>
<InscricaoPrestador>7006</InscricaoPrestador>
<IEPrestador>374062865118</IEPrestador>
<CPFCNPJPrestador>
<CNPJ>18890917000174</CNPJ>
</CPFCNPJPrestador>
<ChaveNFe>
<NumeroNFe>21</NumeroNFe>
<SerieNFe>900</SerieNFe>
<CodigoVerificacao>GYS7E6T3</CodigoVerificacao>
<DataEmissaoNFe>2024-10-04 14:08:04</DataEmissaoNFe>
</ChaveNFe>
<RazaoSocialPrestador>MARCELO ROTOLI CAMARGO 10735157880</RazaoSocialPrestador>
<EnderecoPrestador>
<Logradouro>CRUZ E SOUZA</Logradouro>
<NumeroEndereco>241</NumeroEndereco>
<ComplementoEndereco></ComplementoEndereco>
<Bairro>NOVA ITAPIRA </Bairro>
<Cidade>Itapira</Cidade>
<UF>SP</UF>
<CEP>13974226</CEP>
</EnderecoPrestador>
<TelefonePrestador>3813-4822</TelefonePrestador>
<EmailPrestador>rotoliezanettihotmail.com</EmailPrestador>
<StatusNFe>Ativa</StatusNFe>
<TributacaoNFe>Tributado no Prestador</TributacaoNFe>
<OpcaoSimples>N�O</OpcaoSimples>
<ValorServicos>200,00</ValorServicos>
<ValorBase>200,00</ValorBase>
<CodigoServico>107</CodigoServico>
<AliquotaServicos>0,00</AliquotaServicos>
<ValorINSS>0,00</ValorINSS>
<ValorIR>0,00</ValorIR>
<ValorPIS>0,00</ValorPIS>
<ValorCOFINS>0,00</ValorCOFINS>
<ValorCSLL>0,00</ValorCSLL>
<ValorISS>0,00</ValorISS>
<ISSRetido>N�O</ISSRetido>
<InscricaoTomador>28523</InscricaoTomador>
<CPFCNPJTomador>
<CPF>01152737000192</CPF>
</CPFCNPJTomador>
<IETomador>374038148118</IETomador>
<RazaoSocialTomador>DE SALVI CORRETORA DE SEGUROS S/S LTDA</RazaoSocialTomador>
<EnderecoTomador>
<Logradouro>RUA GENERAL CARNEIRO</Logradouro>
<NumeroEndereco>366</NumeroEndereco>
<ComplementoEndereco></ComplementoEndereco>
<Bairro>SANTA CRUZ</Bairro>
<Cidade>ITAPIRA</Cidade>
<UF>SP</UF>
<CEP>13974330</CEP>
</EnderecoTomador>
<TelefoneTomador>(19) 38630585</TelefoneTomador>
<EmailTomador>seguroscorretorasalvi.com.br</EmailTomador>
<Discriminacao></Discriminacao>
</NFe>
