<?xml version="1.0" encoding="ISO-8859-1"?>
<NFe xmlns:xsi="http://www.w3.org/2001/XMLSchema-instance" xmlns:xsd="http://www.w3.org/2001/XMLSchema">
<Prefeitura>Itapira</Prefeitura>
<InscricaoPrestador>6088</InscricaoPrestador>
<IEPrestador>374050360112</IEPrestador>
<CPFCNPJPrestador>
<CNPJ>14009399000186</CNPJ>
</CPFCNPJPrestador>
<ChaveNFe>
<NumeroNFe>3</NumeroNFe>
<SerieNFe>1</SerieNFe>
<CodigoVerificacao>G93MC6WO</CodigoVerificacao>
<DataEmissaoNFe>2011-09-09 15:38:55</DataEmissaoNFe>
</ChaveNFe>
<RazaoSocialPrestador>A.L. TEN�RIO-ME</RazaoSocialPrestador>
<EnderecoPrestador>
<Logradouro>CHACARA SANTO ANTONIO</Logradouro>
<NumeroEndereco>0</NumeroEndereco>
<ComplementoEndereco></ComplementoEndereco>
<Bairro>DOS LIMAS</Bairro>
<Cidade>ITAPIRA</Cidade>
<UF>SP</UF>
<CEP>13970000</CEP>
</EnderecoPrestador>
<TelefonePrestador></TelefonePrestador>
<EmailPrestador>fiscalsenacontabilidade.com.br</EmailPrestador>
<StatusNFe>Ativa</StatusNFe>
<TributacaoNFe>Tributado no Tomador</TributacaoNFe>
<OpcaoSimples>SIM</OpcaoSimples>
<ValorServicos>165,00</ValorServicos>
<ValorBase>165,00</ValorBase>
<CodigoServico>3101</CodigoServico>
<AliquotaServicos>3,00</AliquotaServicos>
<ValorINSS>0,00</ValorINSS>
<ValorIR>0,00</ValorIR>
<ValorPIS>0,00</ValorPIS>
<ValorCOFINS>0,00</ValorCOFINS>
<ValorCSLL>0,00</ValorCSLL>
<ValorISS>4,95</ValorISS>
<ISSRetido>SIM</ISSRetido>
<InscricaoTomador>28523</InscricaoTomador>
<CPFCNPJTomador>
<CPF>01152737000192</CPF>
</CPFCNPJTomador>
<IETomador>374038148118</IETomador>
<RazaoSocialTomador>DE SALVI CORRETORA DE SEGUROS S/S LTDA</RazaoSocialTomador>
<EnderecoTomador>
<Logradouro>RUA GENERAL CARNEIRO</Logradouro>
<NumeroEndereco>366</NumeroEndereco>
<ComplementoEndereco></ComplementoEndereco>
<Bairro>SANTA CRUZ</Bairro>
<Cidade>ITAPIRA</Cidade>
<UF>SP</UF>
<CEP>13974330</CEP>
</EnderecoTomador>
<TelefoneTomador>(19) 38630585</TelefoneTomador>
<EmailTomador>seguroscorretorasalvi.com.br</EmailTomador>
<Discriminacao>M�o de obra.......................................R$ 100,00
Material aplicado...............................R$ 65,00

VENCIMENTO: 12/09/2011</Discriminacao>
</NFe>
