<?xml version="1.0" encoding="ISO-8859-1"?>
<NFe xmlns:xsi="http://www.w3.org/2001/XMLSchema-instance" xmlns:xsd="http://www.w3.org/2001/XMLSchema">
<Prefeitura>Itapira</Prefeitura>
<InscricaoPrestador>5167</InscricaoPrestador>
<IEPrestador>374057514110</IEPrestador>
<CPFCNPJPrestador>
<CNPJ>10233530000133</CNPJ>
</CPFCNPJPrestador>
<ChaveNFe>
<NumeroNFe>1560</NumeroNFe>
<SerieNFe>1</SerieNFe>
<CodigoVerificacao>ZKI8I55O</CodigoVerificacao>
<DataEmissaoNFe>2018-05-16 08:51:20</DataEmissaoNFe>
</ChaveNFe>
<RazaoSocialPrestador>VICENTE  ZANI COMUNICA??O LTDA</RazaoSocialPrestador>
<EnderecoPrestador>
<Logradouro>MAJOR DAVID PEREIRA</Logradouro>
<NumeroEndereco>477</NumeroEndereco>
<ComplementoEndereco></ComplementoEndereco>
<Bairro>SANTA CRUZ </Bairro>
<Cidade>Itapira</Cidade>
<UF>SP</UF>
<CEP>13974370</CEP>
</EnderecoPrestador>
<TelefonePrestador>(19)3843-3032</TelefonePrestador>
<EmailPrestador>vizapropagandahotmail.com</EmailPrestador>
<StatusNFe>Ativa</StatusNFe>
<TributacaoNFe>Tributado no Tomador</TributacaoNFe>
<OpcaoSimples>SIM</OpcaoSimples>
<ValorServicos>47,50</ValorServicos>
<ValorBase>47,50</ValorBase>
<CodigoServico>1304</CodigoServico>
<AliquotaServicos>2,01</AliquotaServicos>
<ValorINSS>0,00</ValorINSS>
<ValorIR>0,00</ValorIR>
<ValorPIS>0,00</ValorPIS>
<ValorCOFINS>0,00</ValorCOFINS>
<ValorCSLL>0,00</ValorCSLL>
<ValorISS>0,95</ValorISS>
<ISSRetido>SIM</ISSRetido>
<InscricaoTomador>28523</InscricaoTomador>
<CPFCNPJTomador>
<CPF>01152737000192</CPF>
</CPFCNPJTomador>
<IETomador>374038148118</IETomador>
<RazaoSocialTomador>DE SALVI CORRETORA DE SEGUROS S/S LTDA</RazaoSocialTomador>
<EnderecoTomador>
<Logradouro>RUA GENERAL CARNEIRO</Logradouro>
<NumeroEndereco>366</NumeroEndereco>
<ComplementoEndereco></ComplementoEndereco>
<Bairro>SANTA CRUZ</Bairro>
<Cidade>ITAPIRA</Cidade>
<UF>SP</UF>
<CEP>13974330</CEP>
</EnderecoTomador>
<TelefoneTomador>(19) 38630585</TelefoneTomador>
<EmailTomador>seguroscorretorasalvi.com.br</EmailTomador>
<Discriminacao>Cart�o de visita plastificado 4x4, canteado - 50 unidades.


</Discriminacao>
</NFe>
