<?xml version="1.0" encoding="ISO-8859-1"?>
<NFe xmlns:xsi="http://www.w3.org/2001/XMLSchema-instance" xmlns:xsd="http://www.w3.org/2001/XMLSchema">
<Prefeitura>Itapira</Prefeitura>
<InscricaoPrestador>30862</InscricaoPrestador>
<IEPrestador>374027191111</IEPrestador>
<CPFCNPJPrestador>
<CNPJ>62749650000191</CNPJ>
</CPFCNPJPrestador>
<ChaveNFe>
<NumeroNFe>6687</NumeroNFe>
<SerieNFe>1</SerieNFe>
<CodigoVerificacao>XQOOGES8</CodigoVerificacao>
<DataEmissaoNFe>2018-08-10 02:55:36</DataEmissaoNFe>
</ChaveNFe>
<RazaoSocialPrestador>GR�FICA, CARIMBO E ENCADERNADORA ZANELLA LTDA.</RazaoSocialPrestador>
<EnderecoPrestador>
<Logradouro>RUI BARBOSA</Logradouro>
<NumeroEndereco>304</NumeroEndereco>
<ComplementoEndereco></ComplementoEndereco>
<Bairro>SANTA CRUZ </Bairro>
<Cidade>Itapira</Cidade>
<UF>SP</UF>
<CEP>13974340</CEP>
</EnderecoPrestador>
<TelefonePrestador>(19) 3863-7555</TelefonePrestador>
<EmailPrestador>itapirenseitapirense.com.br</EmailPrestador>
<StatusNFe>Ativa</StatusNFe>
<TributacaoNFe>Tributado no Tomador</TributacaoNFe>
<OpcaoSimples>SIM</OpcaoSimples>
<ValorServicos>59,00</ValorServicos>
<ValorBase>59,00</ValorBase>
<CodigoServico>2401</CodigoServico>
<AliquotaServicos>3,84</AliquotaServicos>
<ValorINSS>0,00</ValorINSS>
<ValorIR>0,00</ValorIR>
<ValorPIS>0,00</ValorPIS>
<ValorCOFINS>0,00</ValorCOFINS>
<ValorCSLL>0,00</ValorCSLL>
<ValorISS>2,27</ValorISS>
<ISSRetido>SIM</ISSRetido>
<InscricaoTomador>28523</InscricaoTomador>
<CPFCNPJTomador>
<CPF>01152737000192</CPF>
</CPFCNPJTomador>
<IETomador>374038148118</IETomador>
<RazaoSocialTomador>DE SALVI CORRETORA DE SEGUROS S/S LTDA</RazaoSocialTomador>
<EnderecoTomador>
<Logradouro>RUA GENERAL CARNEIRO</Logradouro>
<NumeroEndereco>366</NumeroEndereco>
<ComplementoEndereco></ComplementoEndereco>
<Bairro>SANTA CRUZ</Bairro>
<Cidade>ITAPIRA</Cidade>
<UF>SP</UF>
<CEP>13974330</CEP>
</EnderecoTomador>
<TelefoneTomador>(19) 38630585</TelefoneTomador>
<EmailTomador>seguroscorretorasalvi.com.br</EmailTomador>
<Discriminacao>01 CARIMBO AUTOM�TICO COLOP PRINTER 30 = R$ 59,00</Discriminacao>
</NFe>
